{
  "ents_f": 89.1764566743,
  "ents_p": 89.3190657638,
  "ents_r": 89.0343022455,
  "las": 85.9686307758,
  "tags_acc": 79.9373329647,
  "token_acc": 100.0,
  "uas": 89.4658753709
}